[
{
    "model": "auth.permission",
    "pk": 1,
    "fields": {
        "name": "Can add log entry",
        "content_type": 1,
        "codename": "add_logentry"
    }
},
{
    "model": "auth.permission",
    "pk": 2,
    "fields": {
        "name": "Can change log entry",
        "content_type": 1,
        "codename": "change_logentry"
    }
},
{
    "model": "auth.permission",
    "pk": 3,
    "fields": {
        "name": "Can delete log entry",
        "content_type": 1,
        "codename": "delete_logentry"
    }
},
{
    "model": "auth.permission",
    "pk": 4,
    "fields": {
        "name": "Can view log entry",
        "content_type": 1,
        "codename": "view_logentry"
    }
},
{
    "model": "auth.permission",
    "pk": 5,
    "fields": {
        "name": "Can add permission",
        "content_type": 2,
        "codename": "add_permission"
    }
},
{
    "model": "auth.permission",
    "pk": 6,
    "fields": {
        "name": "Can change permission",
        "content_type": 2,
        "codename": "change_permission"
    }
},
{
    "model": "auth.permission",
    "pk": 7,
    "fields": {
        "name": "Can delete permission",
        "content_type": 2,
        "codename": "delete_permission"
    }
},
{
    "model": "auth.permission",
    "pk": 8,
    "fields": {
        "name": "Can view permission",
        "content_type": 2,
        "codename": "view_permission"
    }
},
{
    "model": "auth.permission",
    "pk": 9,
    "fields": {
        "name": "Can add group",
        "content_type": 3,
        "codename": "add_group"
    }
},
{
    "model": "auth.permission",
    "pk": 10,
    "fields": {
        "name": "Can change group",
        "content_type": 3,
        "codename": "change_group"
    }
},
{
    "model": "auth.permission",
    "pk": 11,
    "fields": {
        "name": "Can delete group",
        "content_type": 3,
        "codename": "delete_group"
    }
},
{
    "model": "auth.permission",
    "pk": 12,
    "fields": {
        "name": "Can view group",
        "content_type": 3,
        "codename": "view_group"
    }
},
{
    "model": "auth.permission",
    "pk": 13,
    "fields": {
        "name": "Can add user",
        "content_type": 4,
        "codename": "add_user"
    }
},
{
    "model": "auth.permission",
    "pk": 14,
    "fields": {
        "name": "Can change user",
        "content_type": 4,
        "codename": "change_user"
    }
},
{
    "model": "auth.permission",
    "pk": 15,
    "fields": {
        "name": "Can delete user",
        "content_type": 4,
        "codename": "delete_user"
    }
},
{
    "model": "auth.permission",
    "pk": 16,
    "fields": {
        "name": "Can view user",
        "content_type": 4,
        "codename": "view_user"
    }
},
{
    "model": "auth.permission",
    "pk": 17,
    "fields": {
        "name": "Can add content type",
        "content_type": 5,
        "codename": "add_contenttype"
    }
},
{
    "model": "auth.permission",
    "pk": 18,
    "fields": {
        "name": "Can change content type",
        "content_type": 5,
        "codename": "change_contenttype"
    }
},
{
    "model": "auth.permission",
    "pk": 19,
    "fields": {
        "name": "Can delete content type",
        "content_type": 5,
        "codename": "delete_contenttype"
    }
},
{
    "model": "auth.permission",
    "pk": 20,
    "fields": {
        "name": "Can view content type",
        "content_type": 5,
        "codename": "view_contenttype"
    }
},
{
    "model": "auth.permission",
    "pk": 21,
    "fields": {
        "name": "Can add session",
        "content_type": 6,
        "codename": "add_session"
    }
},
{
    "model": "auth.permission",
    "pk": 22,
    "fields": {
        "name": "Can change session",
        "content_type": 6,
        "codename": "change_session"
    }
},
{
    "model": "auth.permission",
    "pk": 23,
    "fields": {
        "name": "Can delete session",
        "content_type": 6,
        "codename": "delete_session"
    }
},
{
    "model": "auth.permission",
    "pk": 24,
    "fields": {
        "name": "Can view session",
        "content_type": 6,
        "codename": "view_session"
    }
},
{
    "model": "auth.permission",
    "pk": 25,
    "fields": {
        "name": "Can add cost",
        "content_type": 7,
        "codename": "add_cost"
    }
},
{
    "model": "auth.permission",
    "pk": 26,
    "fields": {
        "name": "Can change cost",
        "content_type": 7,
        "codename": "change_cost"
    }
},
{
    "model": "auth.permission",
    "pk": 27,
    "fields": {
        "name": "Can delete cost",
        "content_type": 7,
        "codename": "delete_cost"
    }
},
{
    "model": "auth.permission",
    "pk": 28,
    "fields": {
        "name": "Can view cost",
        "content_type": 7,
        "codename": "view_cost"
    }
},
{
    "model": "auth.permission",
    "pk": 29,
    "fields": {
        "name": "Can add cost group",
        "content_type": 8,
        "codename": "add_costgroup"
    }
},
{
    "model": "auth.permission",
    "pk": 30,
    "fields": {
        "name": "Can change cost group",
        "content_type": 8,
        "codename": "change_costgroup"
    }
},
{
    "model": "auth.permission",
    "pk": 31,
    "fields": {
        "name": "Can delete cost group",
        "content_type": 8,
        "codename": "delete_costgroup"
    }
},
{
    "model": "auth.permission",
    "pk": 32,
    "fields": {
        "name": "Can view cost group",
        "content_type": 8,
        "codename": "view_costgroup"
    }
},
{
    "model": "auth.permission",
    "pk": 33,
    "fields": {
        "name": "Can add safe",
        "content_type": 9,
        "codename": "add_safe"
    }
},
{
    "model": "auth.permission",
    "pk": 34,
    "fields": {
        "name": "Can change safe",
        "content_type": 9,
        "codename": "change_safe"
    }
},
{
    "model": "auth.permission",
    "pk": 35,
    "fields": {
        "name": "Can delete safe",
        "content_type": 9,
        "codename": "delete_safe"
    }
},
{
    "model": "auth.permission",
    "pk": 36,
    "fields": {
        "name": "Can view safe",
        "content_type": 9,
        "codename": "view_safe"
    }
},
{
    "model": "auth.permission",
    "pk": 37,
    "fields": {
        "name": "Can add transactions",
        "content_type": 10,
        "codename": "add_transactions"
    }
},
{
    "model": "auth.permission",
    "pk": 38,
    "fields": {
        "name": "Can change transactions",
        "content_type": 10,
        "codename": "change_transactions"
    }
},
{
    "model": "auth.permission",
    "pk": 39,
    "fields": {
        "name": "Can delete transactions",
        "content_type": 10,
        "codename": "delete_transactions"
    }
},
{
    "model": "auth.permission",
    "pk": 40,
    "fields": {
        "name": "Can view transactions",
        "content_type": 10,
        "codename": "view_transactions"
    }
},
{
    "model": "auth.user",
    "pk": 1,
    "fields": {
        "password": "pbkdf2_sha256$390000$tlN4hQdjxwBX2YMZQs5STY$fB+508dt5baaV0nuPR/fO9uIEGlpxUFOyQf6tR+myx0=",
        "last_login": null,
        "is_superuser": false,
        "username": "alex",
        "first_name": "",
        "last_name": "",
        "email": "Al@gmail.com",
        "is_staff": false,
        "is_active": true,
        "date_joined": "2023-05-14T15:37:52.861Z",
        "groups": [],
        "user_permissions": []
    }
},
{
    "model": "auth.user",
    "pk": 2,
    "fields": {
        "password": "pbkdf2_sha256$390000$SymOGxGDtSFhB1aaTx6GDd$eMYpXCA0YVumR+pnv82n6PkABSmZg9YEJM7nNXIinV4=",
        "last_login": "2023-05-14T19:25:03.795Z",
        "is_superuser": false,
        "username": "Alex",
        "first_name": "",
        "last_name": "",
        "email": "Al@gmail.com",
        "is_staff": false,
        "is_active": true,
        "date_joined": "2023-05-14T18:31:28.766Z",
        "groups": [],
        "user_permissions": []
    }
},
{
    "model": "contenttypes.contenttype",
    "pk": 1,
    "fields": {
        "app_label": "admin",
        "model": "logentry"
    }
},
{
    "model": "contenttypes.contenttype",
    "pk": 2,
    "fields": {
        "app_label": "auth",
        "model": "permission"
    }
},
{
    "model": "contenttypes.contenttype",
    "pk": 3,
    "fields": {
        "app_label": "auth",
        "model": "group"
    }
},
{
    "model": "contenttypes.contenttype",
    "pk": 4,
    "fields": {
        "app_label": "auth",
        "model": "user"
    }
},
{
    "model": "contenttypes.contenttype",
    "pk": 5,
    "fields": {
        "app_label": "contenttypes",
        "model": "contenttype"
    }
},
{
    "model": "contenttypes.contenttype",
    "pk": 6,
    "fields": {
        "app_label": "sessions",
        "model": "session"
    }
},
{
    "model": "contenttypes.contenttype",
    "pk": 7,
    "fields": {
        "app_label": "operations",
        "model": "cost"
    }
},
{
    "model": "contenttypes.contenttype",
    "pk": 8,
    "fields": {
        "app_label": "operations",
        "model": "costgroup"
    }
},
{
    "model": "contenttypes.contenttype",
    "pk": 9,
    "fields": {
        "app_label": "operations",
        "model": "safe"
    }
},
{
    "model": "contenttypes.contenttype",
    "pk": 10,
    "fields": {
        "app_label": "operations",
        "model": "transactions"
    }
},
{
    "model": "operations.safe",
    "pk": 1,
    "fields": {
        "name": "Cash",
        "safe_type": "Cash",
        "currency": "UAH",
        "user_id": 2
    }
},
{
    "model": "operations.safe",
    "pk": 3,
    "fields": {
        "name": "Privat",
        "safe_type": "Card",
        "currency": "USD",
        "user_id": 2
    }
},
{
    "model": "operations.safe",
    "pk": 4,
    "fields": {
        "name": "Monobank",
        "safe_type": "Card",
        "currency": "UAH",
        "user_id": 2
    }
},
{
    "model": "operations.safe",
    "pk": 5,
    "fields": {
        "name": "Cash",
        "safe_type": "Cash",
        "currency": "EUR",
        "user_id": 2
    }
},
{
    "model": "operations.costgroup",
    "pk": 1,
    "fields": {
        "name": " Active income",
        "type_group": 1,
        "user_id": 2
    }
},
{
    "model": "operations.costgroup",
    "pk": 2,
    "fields": {
        "name": "Passive income",
        "type_group": 1,
        "user_id": 2
    }
},
{
    "model": "operations.costgroup",
    "pk": 3,
    "fields": {
        "name": "Food",
        "type_group": 0,
        "user_id": 2
    }
},
{
    "model": "operations.costgroup",
    "pk": 4,
    "fields": {
        "name": "Utility payments",
        "type_group": 0,
        "user_id": 2
    }
},
{
    "model": "operations.costgroup",
    "pk": 5,
    "fields": {
        "name": "Dog",
        "type_group": 0,
        "user_id": 2
    }
},
{
    "model": "operations.costgroup",
    "pk": 6,
    "fields": {
        "name": "Clothes",
        "type_group": 0,
        "user_id": 2
    }
},
{
    "model": "operations.costgroup",
    "pk": 7,
    "fields": {
        "name": "Sticks",
        "type_group": 0,
        "user_id": 2
    }
},
{
    "model": "operations.costgroup",
    "pk": 8,
    "fields": {
        "name": "Renovation",
        "type_group": 0,
        "user_id": 2
    }
},
{
    "model": "operations.costgroup",
    "pk": 9,
    "fields": {
        "name": "Donations",
        "type_group": 0,
        "user_id": 2
    }
},
{
    "model": "operations.costgroup",
    "pk": 10,
    "fields": {
        "name": "Education",
        "type_group": 0,
        "user_id": 2
    }
},
{
    "model": "operations.costgroup",
    "pk": 11,
    "fields": {
        "name": "Detergents",
        "type_group": 0,
        "user_id": 2
    }
},
{
    "model": "operations.costgroup",
    "pk": 12,
    "fields": {
        "name": "Cosmetics",
        "type_group": 0,
        "user_id": 2
    }
},
{
    "model": "operations.costgroup",
    "pk": 13,
    "fields": {
        "name": "Subscriptions",
        "type_group": 0,
        "user_id": 2
    }
},
{
    "model": "operations.costgroup",
    "pk": 14,
    "fields": {
        "name": " Personal care",
        "type_group": 0,
        "user_id": 2
    }
},
{
    "model": "operations.costgroup",
    "pk": 15,
    "fields": {
        "name": "Sport",
        "type_group": 0,
        "user_id": 2
    }
},
{
    "model": "operations.cost",
    "pk": 1,
    "fields": {
        "name": " Salary",
        "cost_group_id": 1,
        "user_id": 2
    }
},
{
    "model": "operations.cost",
    "pk": 2,
    "fields": {
        "name": "Flat rent",
        "cost_group_id": 2,
        "user_id": 2
    }
},
{
    "model": "operations.cost",
    "pk": 3,
    "fields": {
        "name": "Food",
        "cost_group_id": 5,
        "user_id": 2
    }
},
{
    "model": "operations.cost",
    "pk": 4,
    "fields": {
        "name": "Toy",
        "cost_group_id": 5,
        "user_id": 2
    }
},
{
    "model": "operations.cost",
    "pk": 5,
    "fields": {
        "name": "Сlothes",
        "cost_group_id": 5,
        "user_id": 2
    }
},
{
    "model": "operations.cost",
    "pk": 6,
    "fields": {
        "name": " Doctor",
        "cost_group_id": 5,
        "user_id": 2
    }
},
{
    "model": "operations.cost",
    "pk": 7,
    "fields": {
        "name": "Vegetables and fruits",
        "cost_group_id": 3,
        "user_id": 2
    }
},
{
    "model": "operations.cost",
    "pk": 8,
    "fields": {
        "name": "Meat",
        "cost_group_id": 3,
        "user_id": 2
    }
},
{
    "model": "operations.cost",
    "pk": 9,
    "fields": {
        "name": " Fish",
        "cost_group_id": 3,
        "user_id": 2
    }
},
{
    "model": "operations.cost",
    "pk": 10,
    "fields": {
        "name": "Groats",
        "cost_group_id": 3,
        "user_id": 2
    }
},
{
    "model": "operations.cost",
    "pk": 11,
    "fields": {
        "name": "Sweets",
        "cost_group_id": 3,
        "user_id": 2
    }
},
{
    "model": "operations.cost",
    "pk": 12,
    "fields": {
        "name": " Dairy products and eggs",
        "cost_group_id": 3,
        "user_id": 2
    }
},
{
    "model": "operations.cost",
    "pk": 13,
    "fields": {
        "name": " Wine",
        "cost_group_id": 3,
        "user_id": 2
    }
},
{
    "model": "operations.cost",
    "pk": 14,
    "fields": {
        "name": "Bread",
        "cost_group_id": 3,
        "user_id": 2
    }
},
{
    "model": "operations.cost",
    "pk": 15,
    "fields": {
        "name": "Light",
        "cost_group_id": 4,
        "user_id": 2
    }
},
{
    "model": "operations.cost",
    "pk": 16,
    "fields": {
        "name": "Internet",
        "cost_group_id": 4,
        "user_id": 2
    }
},
{
    "model": "operations.cost",
    "pk": 17,
    "fields": {
        "name": "Warm",
        "cost_group_id": 4,
        "user_id": 2
    }
},
{
    "model": "operations.cost",
    "pk": 18,
    "fields": {
        "name": "Fiit",
        "cost_group_id": 7,
        "user_id": 2
    }
},
{
    "model": "operations.cost",
    "pk": 19,
    "fields": {
        "name": "Mascara",
        "cost_group_id": 12,
        "user_id": 2
    }
},
{
    "model": "operations.cost",
    "pk": 20,
    "fields": {
        "name": "Sneakers",
        "cost_group_id": 6,
        "user_id": 2
    }
},
{
    "model": "operations.cost",
    "pk": 21,
    "fields": {
        "name": "Сome back alive",
        "cost_group_id": 9,
        "user_id": 2
    }
},
{
    "model": "operations.cost",
    "pk": 22,
    "fields": {
        "name": "VSY",
        "cost_group_id": 9,
        "user_id": 2
    }
},
{
    "model": "operations.cost",
    "pk": 23,
    "fields": {
        "name": "Shampoo",
        "cost_group_id": 11,
        "user_id": 2
    }
},
{
    "model": "operations.cost",
    "pk": 24,
    "fields": {
        "name": "Washing powder",
        "cost_group_id": 11,
        "user_id": 2
    }
},
{
    "model": "operations.cost",
    "pk": 25,
    "fields": {
        "name": "Apple music",
        "cost_group_id": 13,
        "user_id": 2
    }
},
{
    "model": "operations.cost",
    "pk": 26,
    "fields": {
        "name": "Manicure",
        "cost_group_id": 14,
        "user_id": 2
    }
},
{
    "model": "operations.cost",
    "pk": 27,
    "fields": {
        "name": "Step aerobics",
        "cost_group_id": 15,
        "user_id": 2
    }
},
{
    "model": "operations.transactions",
    "pk": 1,
    "fields": {
        "date": "2023-05-14",
        "safe_id": 4,
        "group_id": 1,
        "cost_id": 1,
        "sum_transactions": 15000,
        "user_id": 2
    }
},
{
    "model": "operations.transactions",
    "pk": 2,
    "fields": {
        "date": "2023-05-14",
        "safe_id": 4,
        "group_id": 3,
        "cost_id": 7,
        "sum_transactions": 200,
        "user_id": 2
    }
},
{
    "model": "operations.transactions",
    "pk": 3,
    "fields": {
        "date": "2023-05-14",
        "safe_id": 4,
        "group_id": 3,
        "cost_id": 8,
        "sum_transactions": 150,
        "user_id": 2
    }
},
{
    "model": "operations.transactions",
    "pk": 4,
    "fields": {
        "date": "2023-05-14",
        "safe_id": 4,
        "group_id": 5,
        "cost_id": 3,
        "sum_transactions": 500,
        "user_id": 2
    }
},
{
    "model": "operations.transactions",
    "pk": 5,
    "fields": {
        "date": "2023-05-14",
        "safe_id": 4,
        "group_id": 12,
        "cost_id": 19,
        "sum_transactions": 400,
        "user_id": 2
    }
},
{
    "model": "operations.transactions",
    "pk": 6,
    "fields": {
        "date": "2023-05-14",
        "safe_id": 4,
        "group_id": 7,
        "cost_id": 18,
        "sum_transactions": 80,
        "user_id": 2
    }
},
{
    "model": "operations.transactions",
    "pk": 7,
    "fields": {
        "date": "2023-05-14",
        "safe_id": 4,
        "group_id": 9,
        "cost_id": 21,
        "sum_transactions": 1000,
        "user_id": 2
    }
},
{
    "model": "operations.transactions",
    "pk": 8,
    "fields": {
        "date": "2023-05-14",
        "safe_id": 4,
        "group_id": 9,
        "cost_id": 22,
        "sum_transactions": 1000,
        "user_id": 2
    }
},
{
    "model": "operations.transactions",
    "pk": 9,
    "fields": {
        "date": "2023-05-14",
        "safe_id": 4,
        "group_id": 5,
        "cost_id": 4,
        "sum_transactions": 300,
        "user_id": 2
    }
},
{
    "model": "operations.transactions",
    "pk": 10,
    "fields": {
        "date": "2023-05-14",
        "safe_id": 4,
        "group_id": 3,
        "cost_id": 11,
        "sum_transactions": 100,
        "user_id": 2
    }
},
{
    "model": "operations.transactions",
    "pk": 11,
    "fields": {
        "date": "2023-05-14",
        "safe_id": 4,
        "group_id": 14,
        "cost_id": 26,
        "sum_transactions": 400,
        "user_id": 2
    }
},
{
    "model": "operations.transactions",
    "pk": 12,
    "fields": {
        "date": "2023-05-14",
        "safe_id": 4,
        "group_id": 11,
        "cost_id": 23,
        "sum_transactions": 150,
        "user_id": 2
    }
},
{
    "model": "operations.transactions",
    "pk": 13,
    "fields": {
        "date": "2023-05-14",
        "safe_id": 4,
        "group_id": 15,
        "cost_id": 27,
        "sum_transactions": 600,
        "user_id": 2
    }
},
{
    "model": "operations.transactions",
    "pk": 14,
    "fields": {
        "date": "2023-05-14",
        "safe_id": 4,
        "group_id": 3,
        "cost_id": 12,
        "sum_transactions": 300,
        "user_id": 2
    }
},
{
    "model": "operations.transactions",
    "pk": 15,
    "fields": {
        "date": "2023-05-14",
        "safe_id": 4,
        "group_id": 4,
        "cost_id": 15,
        "sum_transactions": 120,
        "user_id": 2
    }
},
{
    "model": "operations.transactions",
    "pk": 16,
    "fields": {
        "date": "2023-05-14",
        "safe_id": 4,
        "group_id": 4,
        "cost_id": 16,
        "sum_transactions": 250,
        "user_id": 2
    }
},
{
    "model": "operations.transactions",
    "pk": 17,
    "fields": {
        "date": "2023-05-14",
        "safe_id": 4,
        "group_id": 4,
        "cost_id": 17,
        "sum_transactions": 1500,
        "user_id": 2
    }
},
{
    "model": "operations.transactions",
    "pk": 18,
    "fields": {
        "date": "2023-05-14",
        "safe_id": 4,
        "group_id": 3,
        "cost_id": 10,
        "sum_transactions": 40,
        "user_id": 2
    }
},
{
    "model": "operations.transactions",
    "pk": 19,
    "fields": {
        "date": "2023-05-14",
        "safe_id": 4,
        "group_id": 13,
        "cost_id": 25,
        "sum_transactions": 190,
        "user_id": 2
    }
}
]
